0	Pilot1-1
1	Pilot1-1
2	Pilot1-1
3	Pilot1-1
4	Pilot1-1
5	Pilot1-1
6	Pilot1-1
7	Pilot1-1
8	Pilot1-1
9	Pilot1-1
10	Pilot1-1
11	Pilot1-1
12	Pilot1-2
13	Pilot1-2
14	Pilot1-2
15	Pilot1-2
16	Pilot1-2
17	Pilot1-2
18	Pilot1-3
19	Pilot1-3
20	Pilot1-3
21	Pilot1-3
22	Pilot1-3
23	Pilot1-3
24	Pilot1-3
25	Pilot1-3
26	Pilot1-3
27	Pilot1-3
28	Pilot1-3
29	Pilot1-3
30	Pilot1-3
31	Pilot1-3
32	Playtest1-1
33	Playtest1-1
34	Playtest1-1
35	Playtest1-1
36	Playtest1-1
37	Playtest1-1
38	Playtest1-1
39	Playtest1-1
40	Playtest1-1
41	Playtest1-1
42	Playtest1-1
43	Playtest1-2
44	Playtest1-2
45	Playtest1-2
46	Playtest1-2
47	Playtest1-2
48	Playtest1-2
49	Playtest1-2
50	Playtest1-2
51	Playtest1-2
52	Playtest1-2
53	Playtest1-3
54	Playtest1-3
55	Playtest1-3
56	Playtest1-3
57	Playtest1-3
58	Playtest1-3
59	Playtest1-4
60	Playtest1-4
61	Playtest1-4
62	Playtest1-4
63	Playtest1-4
64	Playtest1-4
65	Playtest1-4
66	Playtest1-5
67	Playtest1-5
68	Playtest1-5
69	Playtest1-5
70	Playtest1-5
71	Playtest1-5
72	Playtest1-5
73	Playtest 2-1
74	Playtest 2-1
75	Playtest 2-1
76	Playtest 2-1
77	Playtest 2-1
78	Playtest 2-1
79	Playtest 2-1
80	Playtest 2-1
81	Playtest 2-1
82	Playtest 2-1
83	Playtest 2-1
84	Playtest 2-1
85	Playtest 2-1
86	Playtest 2-1
87	Playtest 2-3
88	Playtest 2-3
89	Playtest 2-3
90	Playtest 2-3
91	Playtest 2-3
92	Playtest 2-3
93	Test
94	Test
95	Test
96	Test
97	Test
98	Test
99	Test
100	Test
101	Test
102	Test
103	Test
104	Test
105	Test
106	Test
107	Test
108	Test
109	Test
110	Test
111	Test
112	Test
113	Test
114	Test
115	Test
116	Test
117	Test
118	Test
119	Test
120	Test
121	Test
122	Test
123	Test
124	Test
125	Test
126	Test
127	Test
128	Test
129	Test
130	Test
131	Test
132	Test
133	Test
134	Test
135	Test
136	Test
137	Test
138	Test
139	Test
140	Test
141	Test
142	Test
143	Test
144	Test
145	Test
146	Test
147	Test
148	Test
149	Test
150	6-12
151	6-12
152	6-12
153	6-12
154	Test
155	4-17
156	Test
157	Test
158	6-12
159	6-12
160	6-12
161	Test
162	Test
163	Test
164	4-17
165	Test
166	Test
167	Test
168	Test
169	Test
170	Test
171	Test
172	Test
173	4-6
174	4-6
175	4-6
176	4-6
177	4-6
178	4-6
179	Test
180	4-15
181	Test
182	4-17
183	4-17
184	4-17
185	4-17
186	Test
187	4-13
188	4-13
189	4-13
190	4-13
191	4-13
192	4-13
193	4-13
194	6-3
195	6-3
196	6-3
197	6-3
198	6-3
199	6-3
200	6-3
201	6-3
202	6-3
203	Test
204	Test
205	Test
206	Test
207	Test
208	Test
209	4-3
210	Test
211	Test
212	Test
213	Test
214	Test
215	Test
216	Test
217	Test
218	Test
219	Test
220	Test
221	Test
222	Test
223	6-10
224	Test
225	Test
226	Test
227	6-14
228	6-14
229	6-14
230	6-14
231	6-14
232	6-14
233	6-14
234	6-14
235	6-14
236	6-14
237	6-14
238	6-14
239	6-14
240	6-14
241	6-14
242	Test
243	Test
244	Test
245	Test
246	Test
247	Test
248	Test
249	6-6
250	Test
251	Test
252	Test
253	Test
254	Test
255	Test
256	Test
257	Test
258	Test
259	5-2
260	Test
261	Test
262	Test
263	5-4
264	5-4
265	5-4
266	5-4
267	5-4
268	5-4
269	5-2
270	6-5
271	6-5
272	6-5
273	6-5
274	6-5
275	6-5
276	6-5
277	6-5
278	6-5
279	Test
280	Test
281	Test
282	Test
283	Test
284	Test
285	Test
286	Test
287	Test
288	Test
289	Test
290	Test
291	Test
292	Test
293	Test
294	Test
295	Test
296	Test
297	Test
298	Test
299	Test
300	Test
301	Test
302	Test
303	Test
304	Test
305	Test
306	Test
307	Test
308	Test
309	Test
310	Test
311	Test
312	Test
313	Test
314	Test
315	Test
316	Test
317	Test
318	Test
319	Test
320	Test
321	Test
322	Test
323	4-17
324	Test
325	4-7
326	4-7
327	4-7
328	4-7
329	4-7
330	4-7
331	4-7
332	Test
333	Test
334	Test
335	Test
336	Test
337	Test
338	Test
339	Test
340	Test
341	Test
342	Test
343	Test
344	Test
345	Test
346	Test
347	Test
348	Test
349	Test
350	Test
351	Test
352	Test
353	Test
354	Test
355	Test
356	Test
357	Test
358	Test
359	Test
360	Test
361	Test
362	Test
363	Test
364	Test
365	Test
366	Test
367	Test
368	Test
369	Test
370	Test
371	Test
372	Test
373	Test
374	Test
375	Test
376	Test
377	Test
378	Test
379	Test
380	Test
381	Test
382	Test
383	Test
384	Test
385	Test
386	Test
387	Test
388	Test
389	6-1
390	6-1
391	6-1
392	6-1
393	6-1
394	6-1
395	6-1
396	6-1
397	6-1
398	6-1
399	6-1
400	6-1
401	6-1
402	6-1
403	6-1
404	6-1
405	6-1
406	6-1
407	Test
408	Test
409	6-13
410	6-13
411	6-13
412	6-13
413	6-13
414	6-13
415	6-13
416	Test
417	Test
418	Test
419	Test
420	Test
421	Test
422	Test
423	Test
424	Test
425	Test
426	Test
427	Test
428	Test
429	Test
430	Test
431	Test
432	Test
433	Test
434	Test
435	Test
436	Test
437	Test
438	Test
439	Test
440	Test
441	Test
442	Test
443	Test
444	Test
445	Test
446	Test
447	Test
448	Test
449	Test
450	Test
451	Test
452	Test
453	Test
454	Test
455	Test
456	Test
457	Test
458	Test
459	Test
460	Test
461	Test
462	Test
463	Test
464	Test
465	Test
466	Test
467	Test
468	Test
469	Test
470	Test
471	Test
472	Test
473	Test
474	Test
475	Test
476	Test
477	Test
478	Test
479	4-18
480	4-18
481	4-18
482	4-18
483	4-18
484	4-18
485	4-18
486	4-18
487	4-18
488	4-18
489	Test
490	6-8
491	6-8
492	6-8
493	6-8
494	6-8
495	6-8
496	Test
497	6-15
498	6-15
499	6-15
500	6-15
501	6-15
502	6-15
503	6-15
504	6-15
505	6-15
506	6-15
507	6-15
508	Test
509	Test
510	Test
511	Test
512	Test
513	Test
514	Test
515	Test
516	Test
517	Test
518	Test
519	Test
520	Test
521	Test
522	Test
523	Test
524	Test
525	Test
526	Test
527	Test
528	Test
529	4-17
530	4-17
531	4-17
532	4-17
533	4-17
534	4-17
535	4-17
536	Test
537	3-3
538	3-3
539	3-3
540	3-3
541	3-3
542	4-17
543	4-17
544	Test
545	Test
546	Test
547	Test
548	4-15
549	4-15
550	4-15
551	4-15
552	4-15
553	Test
554	Test
555	Test
556	Test
557	Test
558	Test
559	Test
560	Test
561	Test
562	Test
563	4-5
564	4-5
565	4-5
566	4-5
567	4-5
568	4-5
569	4-5
570	4-5
571	4-5
572	4-5
573	4-5
574	6-11
575	6-11
576	6-11
577	6-11
578	6-11
579	6-11
580	6-11
581	6-11
582	6-11
583	6-11
584	Test
585	Test
586	Test
587	Test
588	Test
589	Test
590	Test
591	Test
592	Test
593	Test
594	Test
595	Test
596	Test
597	Test
598	Test
599	Test
600	Test
601	Test
602	Test
603	Test
604	Test
605	Test
606	Test
607	6-16
608	Test
609	6-4
610	6-4
611	6-4
612	6-4
613	6-4
614	6-4
615	6-4
616	6-4
617	6-4
618	6-4
619	6-4
620	6-4
621	6-9
622	6-9
623	6-9
624	6-9
625	6-9
626	6-9
627	6-9
628	6-9
629	6-9
630	6-6
631	6-6
632	6-6
633	6-6
634	6-6
635	6-6
636	6-6
637	6-6
638	6-6
639	Test
640	Test
641	Test
642	Test
643	Test
644	Test
645	Test
646	4-9
647	4-9
648	4-9
649	4-9
650	4-9
651	4-9
652	4-9
653	4-9
654	4-9
655	4-9
656	4-9
657	4-9
658	4-9
659	4-9
660	4-9
661	4-9
662	4-9
663	Test
664	Test
665	Test
666	Test
667	Test
668	Test
669	Test
670	Test
671	Test
672	Test
673	Test
674	Test
675	Test
676	Test
677	Test
678	Test
679	Test
680	Test
681	Test
682	Test
683	Test
684	4-15
685	4-15
686	4-15
687	4-15
688	4-15
689	4-15
690	4-15
691	4-15
692	4-15
693	4-15
694	4-15
695	4-15
696	4-15
697	4-15
698	4-15
699	4-15
700	4-15
701	4-15
702	4-15
703	4-15
704	4-15
705	Test
706	Test
707	Test
708	Test
709	Test
710	Test
711	Test
712	Test
713	Test
714	Test
715	Test
716	Test
717	Test
718	Test
719	4-12
720	4-12
721	4-12
722	4-12
723	4-12
724	4-12
725	4-12
726	4-12
727	4-12
728	4-12
729	4-12
730	Test
731	Test
732	Test
733	Test
734	Test
735	Test
736	Test
737	Test
738	Test
739	Test
740	Test
741	Test
742	Test
743	Test
744	Test
745	Test
746	6-2
747	6-2
748	6-2
749	6-2
750	6-2
751	6-2
752	6-2
753	6-2
754	4-3
755	4-3
756	6-14
757	6-14
758	6-14
759	6-14
760	6-14
761	Test
762	Test
763	Test
764	Test
765	6-6
766	Test
767	6-7
768	6-7
769	6-7
770	Test
771	Test
772	Test
773	Test
774	Test
775	Test
776	Test
777	Test
778	Test
779	Test
780	Test
781	Test
782	6-12
783	6-12
784	Test
785	Test
786	Test
787	Test
788	Test
789	4-15
790	Test
791	Test
792	Test
793	Test
794	Test
795	Test
796	Test
797	Test
798	Test
799	Test
800	Test
801	Test
802	Test
803	Test
804	Test
805	Test
806	Test
807	Test
808	Test
809	Test
810	5-2
811	5-2
812	5-2
813	5-2
814	5-2
815	5-2
816	5-2
817	5-2
818	5-2
819	5-2
820	Test
821	Test
822	Test
823	Test
824	4-3
825	4-3
826	4-3
827	4-3
828	4-3
829	4-3
830	4-3
831	4-3
832	4-3
833	4-3
834	Test
835	Test
836	Test
837	Test
838	Test
839	Test
840	Test
841	Test
842	Test
843	Test
844	Test
845	Test
846	4-17
847	Test
848	Test
849	Test
850	Test
851	Test
852	Test
853	4-9
854	4-9
855	4-9
856	4-9
857	4-9
858	4-9
859	3-2
860	3-2
861	3-2
862	3-2
863	3-2
864	3-2
865	3-2
866	3-2
867	Test
868	Test
869	Test
870	Test
871	Test
872	Test
873	Test
874	Test
875	Test
876	Test
877	Test
878	Test
879	Test
880	5-2
881	6-16
882	6-16
883	6-16
884	6-16
885	6-16
886	6-16
887	6-16
888	6-16
889	6-16
890	6-16
891	6-16
892	6-16
893	6-16
894	6-16
895	4-6
896	4-6
897	4-6
898	4-6
899	4-6
900	Test
901	Test
902	Test
903	Test
904	5-3
905	5-3
906	5-3
907	5-3
908	5-3
909	5-3
910	5-3
911	5-3
912	Test
913	Test
914	Test
915	Test
916	Test
917	Test
918	Test
919	Test
920	Test
921	Test
922	6-16
923	6-16
924	6-16
925	6-16
926	6-16
927	Test
928	Test
929	Test
930	Test
931	Test
932	Test
933	Test
934	Test
935	Test
936	Test
937	Test
